Workbook

Sheet Лист_1
B2: Вид номенклатуры (для расчета графика производства) | C2: Код | D2: Номенклатура | E2: Клиент | F2: Номер | G2: Заказ | H2: График оплаты | I2: Менеджер | J2: Дата заказа | K2: Дата согласования | L2: Остаток на складе | M2: В резерве | N2: К обеспечению | O2: Доступно | P2: В производстве | Q2: 1 | R2: 26.03.2026 | S2: 27.03.2026 | T2: 30.03.2026 | U2: 31.03.2026 | V2: 01.04.2026 | W2: 02.04.2026 | X2: 03.04.2026
B3: БЛОКИ АВАРИЙНОГО ПИТАНИЯ (100 max) | C3: ЦБ000017576 | D3: БАП комбинированный выносной CSVT D-CC 1h-36W-350mA-G-03-E-1 | E3: ТД ЭЛЕКТРОТЕХМОНТАЖ, АО | F3: 00ЦБ-002640 | G3: Заказ клиента 00ЦБ-002640 от 20.03.2026 16:51:49 | H3: Рассрочка 60 к.дней | I3: Максимов А. И. | J3: 20.03.2026 16:51:49 | K3: 23.03.2026 | L3: 5 | N3: 85 | P3: 85 | Q3: {=_xlfn._xlws.FILTER([1]График!$R$3:$R$89,([1]График!$F$3:$F$89=F3)*([1]График!$C$3:$C$89=C3))} -> #VALUE! | S3: 85
B4: БЛОКИ АВАРИЙНОГО ПИТАНИЯ (100 max) | C4: ЦБ000017576 | D4: БАП комбинированный выносной CSVT D-CC 1h-36W-350mA-G-03-E-1 | E4: ТрансИнжиниринг, ООО | F4: 00ЦБ-001835 | G4: Заказ клиента 00ЦБ-001835 от 27.02.2026 13:30:30 | H4: Предоплата 100% до передачи в производство | I4: Егиазаров А | J4: 27.02.2026 13:30:30 | K4: 05.03.2026 | L4: 5 | M4: 3 | N4: 15 | P4: 15 | Q4: {=_xlfn._xlws.FILTER([1]График!$R$3:$R$89,([1]График!$F$3:$F$89=F4)*([1]График!$C$3:$C$89=C4))} -> #VALUE! | U4: 15
B5: БЛОКИ АВАРИЙНОГО ПИТАНИЯ (100 max) | C5: ЦБ000017577 | D5: БАП комбинированный выносной CSVT D-CC 3h-36W-350mA-G-03-E-1 | E5: ЛИНИЯ СВЕТА, ООО | F5: 00ЦБ-001636 | G5: Заказ клиента 00ЦБ-001636 от 24.02.2026 9:32:25 | H5: Предоплата 100% | I5: Дивавина О.Д. | J5: 24.02.2026 9:32:25 | K5: 27.02.2026 | N5: 200 | P5: 200 | Q5: {=_xlfn._xlws.FILTER([1]График!$R$3:$R$89,([1]График!$F$3:$F$89=F5)*([1]График!$C$3:$C$89=C5))} -> #VALUE! | R5: 100
B6: КОМПЛЕКТЫ ДЛЯ СВЕТИЛЬНИКОВ (500 max) | C6: ЦБ-00012388 | D6: Пластина для ЛПП Слим Терра | E6: ТЕРРА ТД, ООО | F6: 00ЦБ-002634 | G6: Заказ клиента 00ЦБ-002634 от 20.03.2026 15:26:49 | H6: Предоплата 100% | I6: Дивавина О.Д. | J6: 20.03.2026 15:26:49 | K6: 23.03.2026 | N6: 70 | P6: 70 | Q6: {=_xlfn._xlws.FILTER([1]График!$R$3:$R$89,([1]График!$F$3:$F$89=F6)*([1]График!$C$3:$C$89=C6))} -> #VALUE!
B7: КОМПЛЕКТЫ ДЛЯ СВЕТИЛЬНИКОВ (500 max) | C7: ЦБ-00012388 | D7: Пластина для ЛПП Слим Терра | E7: ТЕРРА ТД, ООО | F7: 00ЦБ-002713 | G7: Заказ клиента 00ЦБ-002713 от 23.03.2026 16:02:38 | H7: Предоплата 100% | I7: Дивавина О.Д. | J7: 23.03.2026 16:02:38 | K7: 24.03.2026 | N7: 20 | P7: 20 | Q7: {=_xlfn._xlws.FILTER([1]График!$R$3:$R$89,([1]График!$F$3:$F$89=F7)*([1]График!$C$3:$C$89=C7))} -> #VALUE!
B8: КОМПЛЕКТЫ ДЛЯ СВЕТИЛЬНИКОВ (500 max) | C8: ЦБ-00012391 | D8: Пластина для ЛПП Айсберг Терра | E8: ТЕРРА ТД, ООО | F8: 00ЦБ-002713 | G8: Заказ клиента 00ЦБ-002713 от 23.03.2026 16:02:38 | H8: Предоплата 100% | I8: Дивавина О.Д. | J8: 23.03.2026 16:02:38 | K8: 24.03.2026 | L8: 42.83 | N8: 20 | P8: 20 | Q8: {=_xlfn._xlws.FILTER([1]График!$R$3:$R$89,([1]График!$F$3:$F$89=F8)*([1]График!$C$3:$C$89=C8))} -> #VALUE!
B9: КОМПЛЕКТЫ ДЛЯ СВЕТИЛЬНИКОВ (500 max) | C9: ЦБ-00012391 | D9: Пластина для ЛПП Айсберг Терра | E9: ТЕРРА ТД, ООО | F9: 00ЦБ-002698 | G9: Заказ клиента 00ЦБ-002698 от 23.03.2026 14:01:53 | H9: Предоплата 100% до передачи в производство | I9: Дивавина О.Д. | J9: 23.03.2026 14:01:53 | K9: 24.03.2026 | L9: 42.83 | N9: 12 | P9: 12 | Q9: {=_xlfn._xlws.FILTER([1]График!$R$3:$R$89,([1]График!$F$3:$F$89=F9)*([1]График!$C$3:$C$89=C9))} -> #VALUE!
B10: КОМПЛЕКТЫ ДЛЯ СВЕТИЛЬНИКОВ (500 max) | C10: ЦБ000012440 | D10: CSVT 2 пружины SPRING-VOLGA /FLORA | E10: ТД ЭЛЕКТРОТЕХМОНТАЖ, АО | F10: 00ЦБ-002576 | G10: Заказ клиента 00ЦБ-002576 от 19.03.2026 15:17:13 | H10: Рассрочка 60 к.дней | I10: Потапова Елена | J10: 19.03.2026 15:17:13 | K10: 19.03.2026 | N10: 70 | P10: 70 | Q10: {=_xlfn._xlws.FILTER([1]График!$R$3:$R$89,([1]График!$F$3:$F$89=F10)*([1]График!$C$3:$C$89=C10))} -> #VALUE!
B11: КОМПЛЕКТЫ ДЛЯ СВЕТИЛЬНИКОВ (500 max) | C11: ЦБ000012440 | D11: CSVT 2 пружины SPRING-VOLGA /FLORA | E11: ТД ЭЛЕКТРОТЕХМОНТАЖ, АО | F11: 00ЦБ-002597 | G11: Заказ клиента 00ЦБ-002597 от 20.03.2026 9:59:51 | H11: Рассрочка 60 к.дней | I11: Яворик Ю.В. | J11: 20.03.2026 9:59:51 | K11: 20.03.2026 | N11: 13 | P11: 13 | Q11: {=_xlfn._xlws.FILTER([1]График!$R$3:$R$89,([1]График!$F$3:$F$89=F11)*([1]График!$C$3:$C$89=C11))} -> #VALUE!
B12: КОРПУСА SLIM (2000 max) | C12: ЦБ-00012270 | D12: Корпус светильника Slim/TRANSPARENT (IP65), ГУЛОВ | E12: Гулов М.В., ИП | F12: 00ЦБ-002688 | G12: Заказ клиента 00ЦБ-002688 от 23.03.2026 12:50:57 | H12: Предоплата 100% | I12: Дивавина О.Д. | J12: 23.03.2026 12:50:57 | K12: 24.03.2026 | N12: 300 | P12: 300 | Q12: {=_xlfn._xlws.FILTER([1]График!$R$3:$R$89,([1]График!$F$3:$F$89=F12)*([1]График!$C$3:$C$89=C12))} -> #VALUE!
B13: КОРПУСА SLIM (2000 max) | C13: ЦБ-00012299 | D13: Корпус светильника Slim/MILKY (IP65), АЛБ | E13: АЛБ, ООО | F13: 00ЦБ-002281 | G13: Заказ клиента 00ЦБ-002281 от 13.03.2026 9:06:05 | H13: Предоплата 30% до передачи в производство, до отгрузки 70% | I13: Куртеев Н.А. | J13: 13.03.2026 9:06:05 | K13: 22.03.2026 | N13: 50 | P13: 50 | Q13: {=_xlfn._xlws.FILTER([1]График!$R$3:$R$89,([1]График!$F$3:$F$89=F13)*([1]График!$C$3:$C$89=C13))} -> #VALUE!
B14: КОРПУСА АЙСБЕРГ (2000 max) | C14: РУ000006824 | D14: Плафон 2х36 Айсберг/TRANSPARENT (ГП) | E14: ТД ЭЛЕКТРОТЕХМОНТАЖ, АО | F14: 00ЦБ-002606 | G14: Заказ клиента 00ЦБ-002606 от 20.03.2026 10:55:41 | H14: Рассрочка 60 к.дней | I14: Кузнецова С. | J14: 20.03.2026 10:55:41 | K14: 20.03.2026 | N14: 40 | P14: 40 | Q14: {=_xlfn._xlws.FILTER([1]График!$R$3:$R$89,([1]График!$F$3:$F$89=F14)*([1]График!$C$3:$C$89=C14))} -> #VALUE!
B15: КОРПУСА АЙСБЕРГ (2000 max) | C15: ЦБ-00012238 | D15: Корпус светильника Айсберг/MILKY (IP65), ГАЗСНАБ | E15: ГАЗСНАБ, ООО | F15: 00ЦБ-001820 | G15: Заказ клиента 00ЦБ-001820 от 27.02.2026 11:29:34 | H15: Предоплата 100% | I15: Степанов Б.С. | J15: 27.02.2026 11:29:34 | K15: 20.03.2026 | N15: 1950 | P15: 1950 | Q15: {=_xlfn._xlws.FILTER([1]График!$R$3:$R$89,([1]График!$F$3:$F$89=F15)*([1]График!$C$3:$C$89=C15))} -> #VALUE! | R15: 514
B16: КОРПУСА АЙСБЕРГ (2000 max) | C16: ЦБ000019348 | D16: Корпус светильника Айсберг/MILKY (IP65) без мет пластины | E16: ТЕРРА ТД, ООО | F16: 00ЦБ-002578 | G16: Заказ клиента 00ЦБ-002578 от 19.03.2026 15:29:00 | H16: Предоплата 30% до передачи в производство, до отгрузки 70% | I16: Дивавина О.Д. | J16: 19.03.2026 15:29:00 | K16: 20.03.2026 | L16: 73.34 | N16: 12 | P16: 12 | Q16: {=_xlfn._xlws.FILTER([1]График!$R$3:$R$89,([1]График!$F$3:$F$89=F16)*([1]График!$C$3:$C$89=C16))} -> #VALUE!
B17: КОРПУСА АЙСБЕРГ (2000 max) | C17: ЦБ000019348 | D17: Корпус светильника Айсберг/MILKY (IP65) без мет пластины | E17: ТЕРРА ТД, ООО | F17: 00ЦБ-002713 | G17: Заказ клиента 00ЦБ-002713 от 23.03.2026 16:02:38 | H17: Предоплата 100% | I17: Дивавина О.Д. | J17: 23.03.2026 16:02:38 | K17: 24.03.2026 | L17: 73.33 | N17: 20 | P17: 20 | Q17: {=_xlfn._xlws.FILTER([1]График!$R$3:$R$89,([1]График!$F$3:$F$89=F17)*([1]График!$C$3:$C$89=C17))} -> #VALUE! | R17: 20
B18: КОРПУСА АЙСБЕРГ (2000 max) | C18: ЦБ000019348 | D18: Корпус светильника Айсберг/MILKY (IP65) без мет пластины | E18: ТЕРРА ТД, ООО | F18: 00ЦБ-002698 | G18: Заказ клиента 00ЦБ-002698 от 23.03.2026 14:01:53 | H18: Предоплата 100% до передачи в производство | I18: Дивавина О.Д. | J18: 23.03.2026 14:01:53 | K18: 24.03.2026 | L18: 73.33 | N18: 12 | P18: 12 | Q18: {=_xlfn._xlws.FILTER([1]График!$R$3:$R$89,([1]График!$F$3:$F$89=F18)*([1]График!$C$3:$C$89=C18))} -> #VALUE!
B19: ПАНЕЛИ KROKUS (max 200) | C19: ЦБ-00009132 | D19: CSVT KROKUS-PANEL 34 588x588х10 CRI80 3000 microprisma-opal IP54/IP20 чёрный 2800 | E19: ТД ЭЛЕКТРОТЕХМОНТАЖ, АО | F19: 00ЦБ-002421 | G19: Заказ клиента 00ЦБ-002421 от 17.03.2026 12:55:17 | H19: Рассрочка 60 к.дней | I19: Максимов А. И. | J19: 17.03.2026 12:55:17 | K19: 17.03.2026 | N19: 40 | P19: 40 | Q19: {=_xlfn._xlws.FILTER([1]График!$R$3:$R$89,([1]График!$F$3:$F$89=F19)*([1]График!$C$3:$C$89=C19))} -> #VALUE!
B20: ПАНЕЛИ KROKUS (max 200) | C20: ЦБ-00013422 | D20: CSVT KROKUS-PANEL 34 600х600х22 CRI80 5000 opal-sand IP54/IP40 белый E | E20: ЕВРОСТИЛЬ, ООО | F20: 00ЦБ-002447 | G20: Заказ клиента 00ЦБ-002447 от 18.03.2026 8:24:22 | H20: Предоплата 100% | I20: Вольная Т | J20: 18.03.2026 8:24:22 | K20: 23.03.2026 | N20: 8 | P20: 8 | Q20: {=_xlfn._xlws.FILTER([1]График!$R$3:$R$89,([1]График!$F$3:$F$89=F20)*([1]График!$C$3:$C$89=C20))} -> #VALUE!
B21: ПАНЕЛИ KROKUS (max 200) | C21: ЦБ000015157 | D21: CSVT KROKUS-PANEL 34 595x595х10 CRI80 5000 opal-sand IP54/IP20 белый | E21: РС, ООО (РУССКИЙ СВЕТ, ООО до 08/12/22 ЭЛЕКТРОСИСТЕМ, ООО) | F21: 00ЦБ-002567 | G21: Заказ клиента 00ЦБ-002567 от 19.03.2026 14:16:57 | H21: Рассрочка 45 к.дней | I21: _ФСК РС | J21: 19.03.2026 14:16:57 | K21: 20.03.2026 | N21: 10 | P21: 10 | Q21: {=_xlfn._xlws.FILTER([1]График!$R$3:$R$89,([1]График!$F$3:$F$89=F21)*([1]График!$C$3:$C$89=C21))} -> #VALUE!
B22: ПАНЕЛИ KROKUS (max 200) | C22: ЦБ000015161 | D22: CSVT KROKUS-PANEL 34 611x611х10 CRI80 5000 opal-sand IP54/IP20 белый | E22: ТД ЭЛЕКТРОТЕХМОНТАЖ, АО | F22: 00ЦБ-002673 | G22: Заказ клиента 00ЦБ-002673 от 23.03.2026 12:18:01 | H22: Рассрочка 60 к.дней | I22: Яворик Ю.В. | J22: 23.03.2026 12:18:01 | K22: 23.03.2026 | N22: 8 | P22: 8 | Q22: {=_xlfn._xlws.FILTER([1]График!$R$3:$R$89,([1]График!$F$3:$F$89=F22)*([1]График!$C$3:$C$89=C22))} -> #VALUE!
B23: ПАНЕЛИ KROKUS (max 200) | C23: ЦБ000015163 | D23: CSVT KROKUS-PANEL 34 595x595х10 CRI80 6500 opal-sand IP54/IP20 белый | E23: СВЕТКОНСАЛТ, ООО | F23: 00ЦБ-002206 | G23: Заказ клиента 00ЦБ-002206 от 11.03.2026 16:20:29 | H23: Предоплата 100% до передачи в производство | I23: Вольная Т | J23: 11.03.2026 16:20:29 | K23: 18.03.2026 | L23: 10 | N23: 17 | P23: 17 | Q23: {=_xlfn._xlws.FILTER([1]График!$R$3:$R$89,([1]График!$F$3:$F$89=F23)*([1]График!$C$3:$C$89=C23))} -> #VALUE!
B24: ПАНЕЛИ KROKUS (max 200) | C24: ЦБ000019312 | D24: CSVT KROKUS-PANEL 34 600x600х22 CRI80 4000 opal-sand IP54/IP20 белый | E24: ПРО-ПОТОЛКИ, ООО | F24: 00ЦБ-002444 | G24: Заказ клиента 00ЦБ-002444 от 17.03.2026 17:20:01 | H24: Предоплата 100% | I24: Курашкина Н.А. | J24: 17.03.2026 17:20:01 | K24: 19.03.2026 | L24: 72.5 | N24: 21 | P24: 21 | Q24: {=_xlfn._xlws.FILTER([1]График!$R$3:$R$89,([1]График!$F$3:$F$89=F24)*([1]График!$C$3:$C$89=C24))} -> #VALUE!
B25: ПАНЕЛИ KROKUS (max 200) | C25: ЦБ000019312 | D25: CSVT KROKUS-PANEL 34 600x600х22 CRI80 4000 opal-sand IP54/IP20 белый | E25: ТД ЭЛЕКТРОТЕХМОНТАЖ, АО | F25: 00ЦБ-002402 | G25: Заказ клиента 00ЦБ-002402 от 17.03.2026 10:45:14 | H25: Рассрочка 60 к.дней | I25: Яворик Ю.В. | J25: 17.03.2026 10:45:14 | K25: 17.03.2026 | L25: 72.5 | N25: 1 | P25: 1 | Q25: {=_xlfn._xlws.FILTER([1]График!$R$3:$R$89,([1]График!$F$3:$F$89=F25)*([1]График!$C$3:$C$89=C25))} -> #VALUE!
B26: ПАНЕЛИ SPARTA (200 max) | C26: ЦБ000012754 | D26: CSVT SPARTA-PANEL 34 595x595х18 CRI80 5000 opal-sand IP40 белый | E26: Смарт Лампс, ООО | F26: 00ЦБ-002491 | G26: Заказ клиента 00ЦБ-002491 от 18.03.2026 13:34:11 | H26: Предоплата 100% до передачи в производство | I26: Радзивилюк В.Ф. | J26: 18.03.2026 13:34:11 | K26: 19.03.2026 | N26: 20 | P26: 20 | Q26: {=_xlfn._xlws.FILTER([1]График!$R$3:$R$89,([1]График!$F$3:$F$89=F26)*([1]График!$C$3:$C$89=C26))} -> #VALUE!
B27: ПАНЕЛИ SPARTA (200 max) | C27: ЦБ000018778 | D27: CSVT SPARTA-PANEL-MULTI 34 595x595х18 CRI90 4000 opal-sand IP40 белый | E27: Смарт Лампс, ООО | F27: 00ЦБ-002491 | G27: Заказ клиента 00ЦБ-002491 от 18.03.2026 13:34:11 | H27: Предоплата 100% до передачи в производство | I27: Радзивилюк В.Ф. | J27: 18.03.2026 13:34:11 | K27: 19.03.2026 | N27: 35 | P27: 35 | Q27: {=_xlfn._xlws.FILTER([1]График!$R$3:$R$89,([1]График!$F$3:$F$89=F27)*([1]График!$C$3:$C$89=C27))} -> #VALUE!
B28: СВЕТИЛЬНИКИ AVRORA-40 (400 max) | C28: ЦБ-00010893 | D28: CSVT AVRORA-40-A 28 595х595х40 CRI80 4000 opal-sand IP20 белый армстронг с БАП на 3 часа LUXDATOR | E28: ПРО-ПОТОЛКИ, ООО | F28: 00ЦБ-002431 | G28: Заказ клиента 00ЦБ-002431 от 17.03.2026 15:49:35 | H28: Предоплата 100% | I28: Курашкина Н.А. | J28: 17.03.2026 15:49:35 | K28: 19.03.2026 | N28: 4 | P28: 4 | Q28: {=_xlfn._xlws.FILTER([1]График!$R$3:$R$89,([1]График!$F$3:$F$89=F28)*([1]График!$C$3:$C$89=C28))} -> 4
B29: СВЕТИЛЬНИКИ AVRORA-40 (400 max) | C29: ЦБ-00013767 | D29: KANT PRO G 35 595х595х40 CRI91 4000 opal-sand IP20 белый NATURAL COLOR | E29: МосЭнергоСервис, ООО | F29: 00ЦБ-002264 | G29: Заказ клиента 00ЦБ-002264 от 12.03.2026 15:46:43 | H29: Рассрочка 15 р.дней | I29: Гудилин К.И. | J29: 12.03.2026 15:46:43 | K29: 23.03.2026 | N29: 170 | P29: 170 | Q29: {=_xlfn._xlws.FILTER([1]График!$R$3:$R$89,([1]График!$F$3:$F$89=F29)*([1]График!$C$3:$C$89=C29))} -> 170
B30: СВЕТИЛЬНИКИ AVRORA-90 (IP20 550 max) | C30: РУ000003200 | D30: CSVT AVRORA 32 595x595х25 CRI80 4000 opal-sand IP20 белый армстронг | E30: ТД ЭЛЕКТРОТЕХМОНТАЖ, АО | F30: 00ЦБ-002530 | G30: Заказ клиента 00ЦБ-002530 от 19.03.2026 8:56:26 | H30: Рассрочка 60 к.дней | I30: Яворик Ю.В. | J30: 19.03.2026 8:56:26 | K30: 19.03.2026 | L30: 45 | N30: 5 | P30: 5 | Q30: {=_xlfn._xlws.FILTER([1]График!$R$3:$R$89,([1]График!$F$3:$F$89=F30)*([1]График!$C$3:$C$89=C30))} -> 5
B31: СВЕТИЛЬНИКИ AVRORA-90 (IP20 550 max) | C31: РУ000003200 | D31: CSVT AVRORA 32 595x595х25 CRI80 4000 opal-sand IP20 белый армстронг | E31: ТЕХДИЗАЙН, ООО (г.Москва) | F31: 00ЦБ-002580 | G31: Заказ клиента 00ЦБ-002580 от 19.03.2026 16:04:48 | H31: Предоплата 30% до передачи в производство, до отгрузки 70% | I31: Куртеев Н.А. | J31: 19.03.2026 16:04:48 | K31: 19.03.2026 | L31: 45 | M31: 30 | N31: 30 | P31: 30 | Q31: {=_xlfn._xlws.FILTER([1]График!$R$3:$R$89,([1]График!$F$3:$F$89=F31)*([1]График!$C$3:$C$89=C31))} -> 30 | U31: 30
B32: СВЕТИЛЬНИКИ AVRORA-90 (IP20 550 max) | C32: ЦБ-00004051 | D32: CSVT AVRORA 24 595х595х25 CRI90 4000 opal-sand IP20 белый армстронг ESCO-RS24 | E32: РС, ООО (РУССКИЙ СВЕТ, ООО до 08/12/22 ЭЛЕКТРОСИСТЕМ, ООО) | F32: 00ЦБ-002574 | G32: Заказ клиента 00ЦБ-002574 от 19.03.2026 14:53:37 | H32: Рассрочка 45 к.дней | I32: Юрина Инна | J32: 19.03.2026 14:53:37 | K32: 20.03.2026 | N32: 10 | P32: 10 | Q32: {=_xlfn._xlws.FILTER([1]График!$R$3:$R$89,([1]График!$F$3:$F$89=F32)*([1]График!$C$3:$C$89=C32))} -> 10
B33: СВЕТИЛЬНИКИ AVRORA-90 (IP20 550 max) | C33: ЦБ-00011322 | D33: Светильник ДВО 1004 СТАНДАРТ PRO 30Вт 4000К Ra>90 оп. IEK | E33: ИЭК ХОЛДИНГ, ПАО [ИЭК ХОЛДИНГ, АО до 10/03/26] | F33: 00ЦБ-002108 | G33: Заказ клиента 00ЦБ-002108 от 06.03.2026 14:10:14 | H33: Предоплата 50%, рассрочка 50% (30 к.д.) | I33: Куртеев Н.А. | J33: 06.03.2026 14:10:14 | K33: 17.03.2026 | L33: 6 | N33: 1000 | P33: 1000 | Q33: {=_xlfn._xlws.FILTER([1]График!$R$3:$R$89,([1]График!$F$3:$F$89=F33)*([1]График!$C$3:$C$89=C33))} -> 1000 | R33: 548
B34: СВЕТИЛЬНИКИ AVRORA-90 (IP20 550 max) | C34: ЦБ-00012466 | D34: Набор для сборки светильника RVE, номер 10 | E34: РВЭ, ООО (РУСВИТАЛЭЛЕКТРО) | F34: 00ЦБ-002521 | G34: Заказ клиента 00ЦБ-002521 от 18.03.2026 16:42:13 | H34: Предоплата 30% до передачи в производство, до отгрузки 70% | I34: Волков С.В. | J34: 18.03.2026 16:42:13 | K34: 23.03.2026 | L34: 828.5 | N34: 778 | P34: 778 | Q34: {=_xlfn._xlws.FILTER([1]График!$R$3:$R$89,([1]График!$F$3:$F$89=F34)*([1]График!$C$3:$C$89=C34))} -> 778 | T34: 286 | U34: 492
B35: СВЕТИЛЬНИКИ AVRORA-90 (IP20 550 max) | C35: ЦБ-00012466 | D35: Набор для сборки светильника RVE, номер 10 | E35: РВЭ, ООО (РУСВИТАЛЭЛЕКТРО) | F35: 00ЦБ-002472 | G35: Заказ клиента 00ЦБ-002472 от 18.03.2026 11:49:22 | H35: Предоплата 30% до передачи в производство, до отгрузки 70% | I35: Волков С.В. | J35: 18.03.2026 11:49:22 | K35: 23.03.2026 | L35: 828.5 | N35: 687 | P35: 687 | Q35: {=_xlfn._xlws.FILTER([1]График!$R$3:$R$89,([1]График!$F$3:$F$89=F35)*([1]График!$C$3:$C$89=C35))} -> 687 | S35: 451 | T35: 236
B36: СВЕТИЛЬНИКИ AVRORA-90 (IP20 550 max) | C36: ЦБ-00012467 | D36: Набор для сборки светильника RVE, номер 11 | E36: РВЭ, ООО (РУСВИТАЛЭЛЕКТРО) | F36: 00ЦБ-002468 | G36: Заказ клиента 00ЦБ-002468 от 18.03.2026 11:22:48 | H36: Предоплата 30% до передачи в производство, до отгрузки 70% | I36: Волков С.В. | J36: 18.03.2026 11:22:48 | K36: 23.03.2026 | N36: 59 | P36: 59 | Q36: {=_xlfn._xlws.FILTER([1]График!$R$3:$R$89,([1]График!$F$3:$F$89=F36)*([1]График!$C$3:$C$89=C36))} -> 59 | S36: 59
B37: СВЕТИЛЬНИКИ AVRORA-90 (IP20 550 max) | C37: ЦБ-00012467 | D37: Набор для сборки светильника RVE, номер 11 | E37: РВЭ, ООО (РУСВИТАЛЭЛЕКТРО) | F37: 00ЦБ-002521 | G37: Заказ клиента 00ЦБ-002521 от 18.03.2026 16:42:13 | H37: Предоплата 30% до передачи в производство, до отгрузки 70% | I37: Волков С.В. | J37: 18.03.2026 16:42:13 | K37: 23.03.2026 | N37: 20 | P37: 20 | Q37: {=_xlfn._xlws.FILTER([1]График!$R$3:$R$89,([1]График!$F$3:$F$89=F37)*([1]График!$C$3:$C$89=C37))} -> 20 | T37: 20
B38: СВЕТИЛЬНИКИ AVRORA-90 (IP20 550 max) | C38: ЦБ-00013201 | D38: Набор для сборки светильника RVE, номер 45 | E38: РВЭ, ООО (РУСВИТАЛЭЛЕКТРО) | F38: 00ЦБ-001371 | G38: Заказ клиента 00ЦБ-001371 от 16.02.2026 10:07:27 | H38: Предоплата 30% до передачи в производство, до отгрузки 70% | I38: Волков С.В. | J38: 16.02.2026 10:07:27 | K38: 26.02.2026 | N38: 12 | P38: 12 | Q38: {=_xlfn._xlws.FILTER([1]График!$R$3:$R$89,([1]График!$F$3:$F$89=F38)*([1]График!$C$3:$C$89=C38))} -> 12
B39: СВЕТИЛЬНИКИ AVRORA-90 (IP20 550 max) | C39: ЦБ-00013201 | D39: Набор для сборки светильника RVE, номер 45 | E39: РВЭ, ООО (РУСВИТАЛЭЛЕКТРО) | F39: 00ЦБ-002472 | G39: Заказ клиента 00ЦБ-002472 от 18.03.2026 11:49:22 | H39: Предоплата 30% до передачи в производство, до отгрузки 70% | I39: Волков С.В. | J39: 18.03.2026 11:49:22 | K39: 23.03.2026 | N39: 18 | P39: 18 | Q39: {=_xlfn._xlws.FILTER([1]График!$R$3:$R$89,([1]График!$F$3:$F$89=F39)*([1]График!$C$3:$C$89=C39))} -> 18 | S39: 18
B40: СВЕТИЛЬНИКИ AVRORA-90 (IP20 550 max) | C40: ЦБ-00013201 | D40: Набор для сборки светильника RVE, номер 45 | E40: РВЭ, ООО (РУСВИТАЛЭЛЕКТРО) | F40: 00ЦБ-001732 | G40: Заказ клиента 00ЦБ-001732 от 25.02.2026 14:20:13 | H40: Предоплата 30% до передачи в производство, до отгрузки 70% | I40: Волков С.В. | J40: 25.02.2026 14:20:13 | K40: 27.02.2026 | N40: 43 | P40: 43 | Q40: {=_xlfn._xlws.FILTER([1]График!$R$3:$R$89,([1]График!$F$3:$F$89=F40)*([1]График!$C$3:$C$89=C40))} -> 43
B41: СВЕТИЛЬНИКИ AVRORA-90 (IP20 550 max) | C41: ЦБ-00013201 | D41: Набор для сборки светильника RVE, номер 45 | E41: РВЭ, ООО (РУСВИТАЛЭЛЕКТРО) | F41: 00ЦБ-002521 | G41: Заказ клиента 00ЦБ-002521 от 18.03.2026 16:42:13 | H41: Предоплата 30% до передачи в производство, до отгрузки 70% | I41: Волков С.В. | J41: 18.03.2026 16:42:13 | K41: 23.03.2026 | N41: 8 | P41: 8 | Q41: {=_xlfn._xlws.FILTER([1]График!$R$3:$R$89,([1]График!$F$3:$F$89=F41)*([1]График!$C$3:$C$89=C41))} -> 8 | T41: 8
B42: СВЕТИЛЬНИКИ AVRORA-90 (IP20 550 max) | C42: ЦБ-00013201 | D42: Набор для сборки светильника RVE, номер 45 | E42: РВЭ, ООО (РУСВИТАЛЭЛЕКТРО) | F42: 00ЦБ-001368 | G42: Заказ клиента 00ЦБ-001368 от 16.02.2026 9:45:47 | H42: Предоплата 30% до передачи в производство, до отгрузки 70% | I42: Волков С.В. | J42: 16.02.2026 9:45:47 | K42: 26.02.2026 | N42: 4 | P42: 4 | Q42: {=_xlfn._xlws.FILTER([1]График!$R$3:$R$89,([1]График!$F$3:$F$89=F42)*([1]График!$C$3:$C$89=C42))} -> 4
B43: СВЕТИЛЬНИКИ AVRORA-90 (IP20 550 max) | C43: ЦБ-00013201 | D43: Набор для сборки светильника RVE, номер 45 | E43: РВЭ, ООО (РУСВИТАЛЭЛЕКТРО) | F43: 00ЦБ-002466 | G43: Заказ клиента 00ЦБ-002466 от 18.03.2026 11:05:18 | H43: Предоплата 30% до передачи в производство, до отгрузки 70% | I43: Волков С.В. | J43: 18.03.2026 11:05:18 | K43: 23.03.2026 | N43: 24 | P43: 24 | Q43: {=_xlfn._xlws.FILTER([1]График!$R$3:$R$89,([1]График!$F$3:$F$89=F43)*([1]График!$C$3:$C$89=C43))} -> 24 | R43: 2 | S43: 22
B44: СВЕТИЛЬНИКИ AVRORA-90 (IP20 550 max) | C44: ЦБ-00013201 | D44: Набор для сборки светильника RVE, номер 45 | E44: РВЭ, ООО (РУСВИТАЛЭЛЕКТРО) | F44: 00ЦБ-001373 | G44: Заказ клиента 00ЦБ-001373 от 16.02.2026 10:33:11 | H44: Предоплата 30% до передачи в производство, до отгрузки 70% | I44: Волков С.В. | J44: 16.02.2026 10:33:11 | K44: 26.02.2026 | N44: 14 | P44: 14 | Q44: {=_xlfn._xlws.FILTER([1]График!$R$3:$R$89,([1]График!$F$3:$F$89=F44)*([1]График!$C$3:$C$89=C44))} -> 14
B45: СВЕТИЛЬНИКИ AVRORA-90 (IP20 550 max) | C45: ЦБ-00013898 | D45: AVRORA-90 30 595х595х25 CRI90 4000 opal-sand IP20 белый армстронг DALI2 IEK | G45: Заказ на перемещение 00ЦБ-000044 от 11.03.2026 12:24:43 | N45: 1 | P45: 1 | Q45: {=_xlfn._xlws.FILTER([1]График!$R$3:$R$89,([1]График!$F$3:$F$89=F45)*([1]График!$C$3:$C$89=C45))} -> 1 | U45: 1
B46: СВЕТИЛЬНИКИ AVRORA-90 (IP20 550 max) | C46: ЦБ-00013899 | D46: AVRORA-90 36 595х595х25 CRI90 4000 opal-sand IP20 белый армстронг DALI2 IEK | G46: Заказ на перемещение 00ЦБ-000044 от 11.03.2026 12:24:43 | N46: 1 | P46: 1 | Q46: {=_xlfn._xlws.FILTER([1]График!$R$3:$R$89,([1]График!$F$3:$F$89=F46)*([1]График!$C$3:$C$89=C46))} -> 1 | U46: 1
B47: СВЕТИЛЬНИКИ AVRORA-90 (IP20 550 max) | C47: ЦБ000008897 | D47: CSVT AVRORA 32 595x595х25 CRI80 5000 prisma IP20 белый армстронг | E47: РС, ООО (РУССКИЙ СВЕТ, ООО до 08/12/22 ЭЛЕКТРОСИСТЕМ, ООО) | F47: 00ЦБ-002627 | G47: Заказ клиента 00ЦБ-002627 от 20.03.2026 14:59:52 | H47: Рассрочка 45 к.дней | I47: _ФСК РС | J47: 20.03.2026 14:59:52 | K47: 20.03.2026 | L47: 12 | N47: 6 | P47: 6 | Q47: {=_xlfn._xlws.FILTER([1]График!$R$3:$R$89,([1]График!$F$3:$F$89=F47)*([1]График!$C$3:$C$89=C47))} -> 6
B48: СВЕТИЛЬНИКИ AVRORA-90 (IP20 550 max) | C48: ЦБ000016240 | D48: CSVT AVRORA 32 595x595х25 CRI80 6500 prisma IP20 белый армстронг | E48: ТД ЭЛЕКТРОТЕХМОНТАЖ, АО | F48: 00ЦБ-002474 | G48: Заказ клиента 00ЦБ-002474 от 18.03.2026 11:54:00 | H48: Рассрочка 60 к.дней | I48: Яворик Ю.В. | J48: 18.03.2026 11:54:00 | K48: 18.03.2026 | N48: 4 | P48: 4 | Q48: {=_xlfn._xlws.FILTER([1]График!$R$3:$R$89,([1]График!$F$3:$F$89=F48)*([1]График!$C$3:$C$89=C48))} -> 4
B49: СВЕТИЛЬНИКИ FLORA (150 max) | C49: ЦБ-00003339 | D49: CSVT FLORA-50 52 1985х50х70 CRI80 4000 opal-sand IP40 черный | E49: ЛЮМ-СВЕТ, ООО | F49: 00ЦБ-002401 | G49: Заказ клиента 00ЦБ-002401 от 17.03.2026 10:42:41 | H49: Предоплата 100% до передачи в производство | I49: Юрина Инна | J49: 17.03.2026 10:42:41 | K49: 20.03.2026 | N49: 7 | P49: 7 | Q49: {=_xlfn._xlws.FILTER([1]График!$R$3:$R$89,([1]График!$F$3:$F$89=F49)*([1]График!$C$3:$C$89=C49))} -> #VALUE!
B50: СВЕТИЛЬНИКИ FLORA (150 max) | C50: ЦБ-00003690 | D50: CSVT FLORA-50 14 1000х50х70 CRI80 5000 opal-sand IP40 черный | E50: ТД ЭЛЕКТРОТЕХМОНТАЖ, АО | F50: 00ЦБ-002576 | G50: Заказ клиента 00ЦБ-002576 от 19.03.2026 15:17:13 | H50: Рассрочка 60 к.дней | I50: Потапова Елена | J50: 19.03.2026 15:17:13 | K50: 19.03.2026 | N50: 36 | P50: 36 | Q50: {=_xlfn._xlws.FILTER([1]График!$R$3:$R$89,([1]График!$F$3:$F$89=F50)*([1]График!$C$3:$C$89=C50))} -> #VALUE!
B51: СВЕТИЛЬНИКИ FLORA (150 max) | C51: ЦБ-00005706 | D51: CSVT FLORA-50 34 1230х50х70 CRI90 4000 opal-sand IP40 черный | E51: ПАЛЛОР СК, ООО | F51: 00ЦБ-002465 | G51: Заказ клиента 00ЦБ-002465 от 18.03.2026 10:45:49 | H51: Предоплата 100% до передачи в производство | I51: Юрина Инна | J51: 18.03.2026 10:45:49 | K51: 20.03.2026 | N51: 1 | P51: 1 | Q51: {=_xlfn._xlws.FILTER([1]График!$R$3:$R$89,([1]График!$F$3:$F$89=F51)*([1]График!$C$3:$C$89=C51))} -> #VALUE!
B52: СВЕТИЛЬНИКИ FLORA (150 max) | C52: ЦБ-00009020 | D52: CSVT FLORA-50 27 993х50х70 CRI80 4000 microprisma-opal IP40 красный RAL3020 met AB SW-007 | E52: ТД ЭЛЕКТРОТЕХМОНТАЖ, АО | F52: 00ЦБ-002535 | G52: Заказ клиента 00ЦБ-002535 от 19.03.2026 9:43:31 | H52: Рассрочка 60 к.дней | I52: Кузнецова С. | J52: 19.03.2026 9:43:31 | K52: 19.03.2026 | N52: 9 | P52: 9 | Q52: {=_xlfn._xlws.FILTER([1]График!$R$3:$R$89,([1]График!$F$3:$F$89=F52)*([1]График!$C$3:$C$89=C52))} -> #VALUE!
B53: СВЕТИЛЬНИКИ FLORA (150 max) | C53: ЦБ-00009021 | D53: CSVT FLORA-50 36 1540х50х70 CRI80 4000 microprisma-opal IP40 красный RAL3020 met AB SW-007 | E53: ТД ЭЛЕКТРОТЕХМОНТАЖ, АО | F53: 00ЦБ-002535 | G53: Заказ клиента 00ЦБ-002535 от 19.03.2026 9:43:31 | H53: Рассрочка 60 к.дней | I53: Кузнецова С. | J53: 19.03.2026 9:43:31 | K53: 19.03.2026 | L53: 34 | M53: 34 | N53: 19 | P53: 19 | Q53: {=_xlfn._xlws.FILTER([1]График!$R$3:$R$89,([1]График!$F$3:$F$89=F53)*([1]График!$C$3:$C$89=C53))} -> #VALUE!
B54: СВЕТИЛЬНИКИ FLORA (150 max) | C54: ЦБ-00011056 | D54: CSVT FLORA-50-А 27 993х50х70 CRI80 4000 opal-sand IP40 черный с БАП на 1 час LUXDATOR | E54: ТД ЭЛЕКТРОТЕХМОНТАЖ, АО | F54: 00ЦБ-002576 | G54: Заказ клиента 00ЦБ-002576 от 19.03.2026 15:17:13 | H54: Рассрочка 60 к.дней | I54: Потапова Елена | J54: 19.03.2026 15:17:13 | K54: 19.03.2026 | N54: 30 | P54: 30 | Q54: {=_xlfn._xlws.FILTER([1]График!$R$3:$R$89,([1]График!$F$3:$F$89=F54)*([1]График!$C$3:$C$89=C54))} -> #VALUE!
B55: СВЕТИЛЬНИКИ FLORA (150 max) | C55: ЦБ-00012162 | D55: CSVT FLORA-50 54 2290х50х70 CRI80 4000 opal-sand IP40 черный | E55: ЛЮМ-СВЕТ, ООО | F55: 00ЦБ-002401 | G55: Заказ клиента 00ЦБ-002401 от 17.03.2026 10:42:41 | H55: Предоплата 100% до передачи в производство | I55: Юрина Инна | J55: 17.03.2026 10:42:41 | K55: 20.03.2026 | N55: 10 | P55: 10 | Q55: {=_xlfn._xlws.FILTER([1]График!$R$3:$R$89,([1]График!$F$3:$F$89=F55)*([1]График!$C$3:$C$89=C55))} -> #VALUE!
B56: СВЕТИЛЬНИКИ HIGHTECH ALUMOGIPS (150 max) | C56: ЦБ-00012470 | D56: Набор для сборки светильника RVE, номер 14 | E56: РВЭ, ООО (РУСВИТАЛЭЛЕКТРО) | F56: 00ЦБ-001725 | G56: Заказ клиента 00ЦБ-001725 от 25.02.2026 13:09:34 | H56: Предоплата 30% до передачи в производство, до отгрузки 70% | I56: Волков С.В. | J56: 25.02.2026 13:09:34 | K56: 12.03.2026 | L56: 7.5 | N56: 4 | P56: 4 | Q56: {=_xlfn._xlws.FILTER([1]График!$R$3:$R$89,([1]График!$F$3:$F$89=F56)*([1]График!$C$3:$C$89=C56))} -> 4 | R56: 4
B57: СВЕТИЛЬНИКИ HIGHTECH ALUMOGIPS (150 max) | C57: ЦБ-00012470 | D57: Набор для сборки светильника RVE, номер 14 | E57: РВЭ, ООО (РУСВИТАЛЭЛЕКТРО) | F57: 00ЦБ-002468 | G57: Заказ клиента 00ЦБ-002468 от 18.03.2026 11:22:48 | H57: Предоплата 30% до передачи в производство, до отгрузки 70% | I57: Волков С.В. | J57: 18.03.2026 11:22:48 | K57: 23.03.2026 | L57: 7.5 | N57: 6 | P57: 6 | Q57: {=_xlfn._xlws.FILTER([1]График!$R$3:$R$89,([1]График!$F$3:$F$89=F57)*([1]График!$C$3:$C$89=C57))} -> 6 | R57: 6
B58: СВЕТИЛЬНИКИ HIGHTECH ALUMOGIPS (150 max) | C58: ЦБ-00012470 | D58: Набор для сборки светильника RVE, номер 14 | E58: РВЭ, ООО (РУСВИТАЛЭЛЕКТРО) | F58: 00ЦБ-001371 | G58: Заказ клиента 00ЦБ-001371 от 16.02.2026 10:07:27 | H58: Предоплата 30% до передачи в производство, до отгрузки 70% | I58: Волков С.В. | J58: 16.02.2026 10:07:27 | K58: 26.02.2026 | L58: 7.5 | M58: 18 | N58: 45 | P58: 45 | Q58: {=_xlfn._xlws.FILTER([1]График!$R$3:$R$89,([1]График!$F$3:$F$89=F58)*([1]График!$C$3:$C$89=C58))} -> 45 | R58: 39
B59: СВЕТИЛЬНИКИ HIGHTECH ALUMOGIPS (150 max) | C59: ЦБ-00012470 | D59: Набор для сборки светильника RVE, номер 14 | E59: РВЭ, ООО (РУСВИТАЛЭЛЕКТРО) | F59: 00ЦБ-002472 | G59: Заказ клиента 00ЦБ-002472 от 18.03.2026 11:49:22 | H59: Предоплата 30% до передачи в производство, до отгрузки 70% | I59: Волков С.В. | J59: 18.03.2026 11:49:22 | K59: 23.03.2026 | L59: 7.5 | N59: 42 | P59: 42 | Q59: {=_xlfn._xlws.FILTER([1]График!$R$3:$R$89,([1]График!$F$3:$F$89=F59)*([1]График!$C$3:$C$89=C59))} -> 42 | T59: 42
B60: СВЕТИЛЬНИКИ HIGHTECH ALUMOGIPS (150 max) | C60: ЦБ-00012474 | D60: Набор для сборки светильника RVE, номер 18 | E60: РВЭ, ООО (РУСВИТАЛЭЛЕКТРО) | F60: 00ЦБ-002472 | G60: Заказ клиента 00ЦБ-002472 от 18.03.2026 11:49:22 | H60: Предоплата 30% до передачи в производство, до отгрузки 70% | I60: Волков С.В. | J60: 18.03.2026 11:49:22 | K60: 23.03.2026 | L60: 50.34 | N60: 60 | P60: 60 | Q60: {=_xlfn._xlws.FILTER([1]График!$R$3:$R$89,([1]График!$F$3:$F$89=F60)*([1]График!$C$3:$C$89=C60))} -> 60 | S60: 60
B61: СВЕТИЛЬНИКИ HIGHTECH ALUMOGIPS (150 max) | C61: ЦБ-00012474 | D61: Набор для сборки светильника RVE, номер 18 | E61: РВЭ, ООО (РУСВИТАЛЭЛЕКТРО) | F61: 00ЦБ-002521 | G61: Заказ клиента 00ЦБ-002521 от 18.03.2026 16:42:13 | H61: Предоплата 30% до передачи в производство, до отгрузки 70% | I61: Волков С.В. | J61: 18.03.2026 16:42:13 | K61: 23.03.2026 | L61: 50.33 | N61: 36 | P61: 36 | Q61: {=_xlfn._xlws.FILTER([1]График!$R$3:$R$89,([1]График!$F$3:$F$89=F61)*([1]График!$C$3:$C$89=C61))} -> 36 | T61: 35 | U61: 1
B62: СВЕТИЛЬНИКИ HIGHTECH ALUMOGIPS (150 max) | C62: ЦБ-00012474 | D62: Набор для сборки светильника RVE, номер 18 | E62: РВЭ, ООО (РУСВИТАЛЭЛЕКТРО) | F62: 00ЦБ-002478 | G62: Заказ клиента 00ЦБ-002478 от 18.03.2026 11:56:51 | H62: Предоплата 30% до передачи в производство, до отгрузки 70% | I62: Волков С.В. | J62: 18.03.2026 11:56:51 | K62: 23.03.2026 | L62: 50.33 | N62: 19 | P62: 19 | Q62: {=_xlfn._xlws.FILTER([1]График!$R$3:$R$89,([1]График!$F$3:$F$89=F62)*([1]График!$C$3:$C$89=C62))} -> 19 | T62: 19
B63: СВЕТИЛЬНИКИ HIGHTECH ALUMOGIPS (150 max) | C63: ЦБ-00012475 | D63: Набор для сборки светильника RVE, номер 19 | E63: РВЭ, ООО (РУСВИТАЛЭЛЕКТРО) | F63: 00ЦБ-002478 | G63: Заказ клиента 00ЦБ-002478 от 18.03.2026 11:56:51 | H63: Предоплата 30% до передачи в производство, до отгрузки 70% | I63: Волков С.В. | J63: 18.03.2026 11:56:51 | K63: 23.03.2026 | L63: 6 | N63: 8 | P63: 8 | Q63: {=_xlfn._xlws.FILTER([1]График!$R$3:$R$89,([1]График!$F$3:$F$89=F63)*([1]График!$C$3:$C$89=C63))} -> #VALUE! | T63: 8
B64: СВЕТИЛЬНИКИ HIGHTECH ALUMOGIPS (150 max) | C64: ЦБ-00012475 | D64: Набор для сборки светильника RVE, номер 19 | E64: РВЭ, ООО (РУСВИТАЛЭЛЕКТРО) | F64: 00ЦБ-002468 | G64: Заказ клиента 00ЦБ-002468 от 18.03.2026 11:22:48 | H64: Предоплата 30% до передачи в производство, до отгрузки 70% | I64: Волков С.В. | J64: 18.03.2026 11:22:48 | K64: 23.03.2026 | L64: 6 | N64: 9 | P64: 9 | Q64: {=_xlfn._xlws.FILTER([1]График!$R$3:$R$89,([1]График!$F$3:$F$89=F64)*([1]График!$C$3:$C$89=C64))} -> #VALUE! | S64: 9
B65: СВЕТИЛЬНИКИ HIGHTECH ALUMOGIPS (150 max) | C65: ЦБ-00012475 | D65: Набор для сборки светильника RVE, номер 19 | E65: РВЭ, ООО (РУСВИТАЛЭЛЕКТРО) | F65: 00ЦБ-002472 | G65: Заказ клиента 00ЦБ-002472 от 18.03.2026 11:49:22 | H65: Предоплата 30% до передачи в производство, до отгрузки 70% | I65: Волков С.В. | J65: 18.03.2026 11:49:22 | K65: 23.03.2026 | L65: 6 | N65: 4 | P65: 4 | Q65: {=_xlfn._xlws.FILTER([1]График!$R$3:$R$89,([1]График!$F$3:$F$89=F65)*([1]График!$C$3:$C$89=C65))} -> #VALUE! | T65: 4
B66: СВЕТИЛЬНИКИ HIGHTECH ALUMOGIPS (150 max) | C66: ЦБ-00012475 | D66: Набор для сборки светильника RVE, номер 19 | E66: РВЭ, ООО (РУСВИТАЛЭЛЕКТРО) | F66: 00ЦБ-002466 | G66: Заказ клиента 00ЦБ-002466 от 18.03.2026 11:05:18 | H66: Предоплата 30% до передачи в производство, до отгрузки 70% | I66: Волков С.В. | J66: 18.03.2026 11:05:18 | K66: 23.03.2026 | L66: 6 | N66: 10 | P66: 10 | Q66: {=_xlfn._xlws.FILTER([1]График!$R$3:$R$89,([1]График!$F$3:$F$89=F66)*([1]График!$C$3:$C$89=C66))} -> #VALUE! | R66: 10
B67: СВЕТИЛЬНИКИ HIGHTECH ALUMOGIPS (150 max) | C67: ЦБ-00012478 | D67: Набор для сборки светильника RVE, номер 22 | E67: РВЭ, ООО (РУСВИТАЛЭЛЕКТРО) | F67: 00ЦБ-002468 | G67: Заказ клиента 00ЦБ-002468 от 18.03.2026 11:22:48 | H67: Предоплата 30% до передачи в производство, до отгрузки 70% | I67: Волков С.В. | J67: 18.03.2026 11:22:48 | K67: 23.03.2026 | N67: 3 | P67: 3 | Q67: {=_xlfn._xlws.FILTER([1]График!$R$3:$R$89,([1]График!$F$3:$F$89=F67)*([1]График!$C$3:$C$89=C67))} -> #VALUE! | S67: 3
B68: СВЕТИЛЬНИКИ HIGHTECH ALUMOGIPS (150 max) | C68: ЦБ-00013447 | D68: Набор для сборки светильника RVE, номер 43 | E68: РВЭ, ООО (РУСВИТАЛЭЛЕКТРО) | F68: 00ЦБ-001070 | G68: Заказ клиента 00ЦБ-001070 от 06.02.2026 14:44:06 | H68: Предоплата 30% до передачи в производство, до отгрузки 70% | I68: Волков С.В. | J68: 06.02.2026 14:44:06 | K68: 16.02.2026 | L68: 5.85 | N68: 75 | P68: 75 | Q68: {=_xlfn._xlws.FILTER([1]График!$R$3:$R$89,([1]График!$F$3:$F$89=F68)*([1]График!$C$3:$C$89=C68))} -> 75
B69: СВЕТИЛЬНИКИ HIGHTECH ALUMOGIPS (150 max) | C69: ЦБ-00013447 | D69: Набор для сборки светильника RVE, номер 43 | E69: РВЭ, ООО (РУСВИТАЛЭЛЕКТРО) | F69: 00ЦБ-001371 | G69: Заказ клиента 00ЦБ-001371 от 16.02.2026 10:07:27 | H69: Предоплата 30% до передачи в производство, до отгрузки 70% | I69: Волков С.В. | J69: 16.02.2026 10:07:27 | K69: 26.02.2026 | L69: 5.83 | N69: 56 | P69: 56 | Q69: {=_xlfn._xlws.FILTER([1]График!$R$3:$R$89,([1]График!$F$3:$F$89=F69)*([1]График!$C$3:$C$89=C69))} -> #VALUE! | R69: 56
B70: СВЕТИЛЬНИКИ HIGHTECH ALUMOGIPS (150 max) | C70: ЦБ-00013447 | D70: Набор для сборки светильника RVE, номер 43 | E70: РВЭ, ООО (РУСВИТАЛЭЛЕКТРО) | F70: 00ЦБ-001732 | G70: Заказ клиента 00ЦБ-001732 от 25.02.2026 14:20:13 | H70: Предоплата 30% до передачи в производство, до отгрузки 70% | I70: Волков С.В. | J70: 25.02.2026 14:20:13 | K70: 27.02.2026 | L70: 5.83 | N70: 11 | P70: 11 | Q70: {=_xlfn._xlws.FILTER([1]График!$R$3:$R$89,([1]График!$F$3:$F$89=F70)*([1]График!$C$3:$C$89=C70))} -> #VALUE! | R70: 11
B71: СВЕТИЛЬНИКИ HIGHTECH ALUMOGIPS (150 max) | C71: ЦБ-00013447 | D71: Набор для сборки светильника RVE, номер 43 | E71: РВЭ, ООО (РУСВИТАЛЭЛЕКТРО) | F71: 00ЦБ-002468 | G71: Заказ клиента 00ЦБ-002468 от 18.03.2026 11:22:48 | H71: Предоплата 30% до передачи в производство, до отгрузки 70% | I71: Волков С.В. | J71: 18.03.2026 11:22:48 | K71: 23.03.2026 | L71: 5.83 | N71: 33 | P71: 33 | Q71: {=_xlfn._xlws.FILTER([1]График!$R$3:$R$89,([1]График!$F$3:$F$89=F71)*([1]График!$C$3:$C$89=C71))} -> #VALUE! | R71: 23 | S71: 10
B72: СВЕТИЛЬНИКИ HIGHTECH ALUMOGIPS (150 max) | C72: ЦБ-00013447 | D72: Набор для сборки светильника RVE, номер 43 | E72: РВЭ, ООО (РУСВИТАЛЭЛЕКТРО) | F72: 00ЦБ-002472 | G72: Заказ клиента 00ЦБ-002472 от 18.03.2026 11:49:22 | H72: Предоплата 30% до передачи в производство, до отгрузки 70% | I72: Волков С.В. | J72: 18.03.2026 11:49:22 | K72: 23.03.2026 | L72: 5.83 | N72: 64 | P72: 64 | Q72: {=_xlfn._xlws.FILTER([1]График!$R$3:$R$89,([1]График!$F$3:$F$89=F72)*([1]График!$C$3:$C$89=C72))} -> #VALUE! | S72: 53 | T72: 11
B73: СВЕТИЛЬНИКИ HIGHTECH ALUMOGIPS (150 max) | C73: ЦБ-00013447 | D73: Набор для сборки светильника RVE, номер 43 | E73: РВЭ, ООО (РУСВИТАЛЭЛЕКТРО) | F73: 00ЦБ-002521 | G73: Заказ клиента 00ЦБ-002521 от 18.03.2026 16:42:13 | H73: Предоплата 30% до передачи в производство, до отгрузки 70% | I73: Волков С.В. | J73: 18.03.2026 16:42:13 | K73: 23.03.2026 | L73: 5.83 | N73: 1 | P73: 1 | Q73: {=_xlfn._xlws.FILTER([1]График!$R$3:$R$89,([1]График!$F$3:$F$89=F73)*([1]График!$C$3:$C$89=C73))} -> #VALUE! | T73: 1
B74: СВЕТИЛЬНИКИ HIGHTECH ALUMOGIPS (150 max) | C74: ЦБ-00013448 | D74: Набор для сборки светильника RVE, номер 44 | E74: РВЭ, ООО (РУСВИТАЛЭЛЕКТРО) | F74: 00ЦБ-002468 | G74: Заказ клиента 00ЦБ-002468 от 18.03.2026 11:22:48 | H74: Предоплата 30% до передачи в производство, до отгрузки 70% | I74: Волков С.В. | J74: 18.03.2026 11:22:48 | K74: 23.03.2026 | N74: 15 | P74: 15 | Q74: {=_xlfn._xlws.FILTER([1]График!$R$3:$R$89,([1]График!$F$3:$F$89=F74)*([1]График!$C$3:$C$89=C74))} -> #VALUE! | S74: 15
B75: СВЕТИЛЬНИКИ HIGHTECH ALUMOGIPS (150 max) | C75: ЦБ-00013448 | D75: Набор для сборки светильника RVE, номер 44 | E75: РВЭ, ООО (РУСВИТАЛЭЛЕКТРО) | F75: 00ЦБ-001070 | G75: Заказ клиента 00ЦБ-001070 от 06.02.2026 14:44:06 | H75: Предоплата 30% до передачи в производство, до отгрузки 70% | I75: Волков С.В. | J75: 06.02.2026 14:44:06 | K75: 16.02.2026 | N75: 20 | P75: 20 | Q75: {=_xlfn._xlws.FILTER([1]График!$R$3:$R$89,([1]График!$F$3:$F$89=F75)*([1]График!$C$3:$C$89=C75))} -> 20
B76: СВЕТИЛЬНИКИ HIGHTECH ALUMOGIPS (150 max) | C76: ЦБ-00013448 | D76: Набор для сборки светильника RVE, номер 44 | E76: РВЭ, ООО (РУСВИТАЛЭЛЕКТРО) | F76: 00ЦБ-001371 | G76: Заказ клиента 00ЦБ-001371 от 16.02.2026 10:07:27 | H76: Предоплата 30% до передачи в производство, до отгрузки 70% | I76: Волков С.В. | J76: 16.02.2026 10:07:27 | K76: 26.02.2026 | N76: 1 | P76: 1 | Q76: {=_xlfn._xlws.FILTER([1]График!$R$3:$R$89,([1]График!$F$3:$F$89=F76)*([1]График!$C$3:$C$89=C76))} -> #VALUE! | R76: 1
B77: СВЕТИЛЬНИКИ HIGHTECH ALUMOGIPS (150 max) | C77: ЦБ000007383 | D77: CSVT HIGHTECH 50 595х595х40 CRI80 4000 opal-sand IP54 белый | E77: ПАЛЛОР СК, ООО | F77: 00ЦБ-002507 | G77: Заказ клиента 00ЦБ-002507 от 18.03.2026 15:27:10 | H77: Предоплата 100% до передачи в производство | I77: Юрина Инна | J77: 18.03.2026 15:27:10 | K77: 20.03.2026 | L77: 1 | N77: 20 | P77: 20 | Q77: {=_xlfn._xlws.FILTER([1]График!$R$3:$R$89,([1]График!$F$3:$F$89=F77)*([1]График!$C$3:$C$89=C77))} -> 20 | T77: 20
B78: СВЕТИЛЬНИКИ HIGHTECH ALUMOGIPS (150 max) | C78: ЦБ000014045 | D78: CSVT HIGHTECH-А 32 595х595х40 CRI80 4000 opal-sand IP54 белый c БАП на 3 часа LUXDATOR | E78: РС, ООО (РУССКИЙ СВЕТ, ООО до 08/12/22 ЭЛЕКТРОСИСТЕМ, ООО) | F78: 00ЦБ-002326 | G78: Заказ клиента 00ЦБ-002326 от 13.03.2026 15:35:07 | H78: Рассрочка 45 к.дней | I78: _ФСК РС | J78: 13.03.2026 15:35:07 | K78: 13.03.2026 | N78: 4 | P78: 4 | Q78: {=_xlfn._xlws.FILTER([1]График!$R$3:$R$89,([1]График!$F$3:$F$89=F78)*([1]График!$C$3:$C$89=C78))} -> 4
B79: СВЕТИЛЬНИКИ HIGHTECH ALUMOGIPS (150 max) | C79: ЦБ000015129 | D79: CSVT HIGHTECH 32 1195х160х40 CRI80 6500 opal-sand IP40 белый | E79: ПАЛЛОР СК, ООО | F79: 00ЦБ-002507 | G79: Заказ клиента 00ЦБ-002507 от 18.03.2026 15:27:10 | H79: Предоплата 100% до передачи в производство | I79: Юрина Инна | J79: 18.03.2026 15:27:10 | K79: 20.03.2026 | N79: 10 | P79: 10 | Q79: {=_xlfn._xlws.FILTER([1]График!$R$3:$R$89,([1]График!$F$3:$F$89=F79)*([1]График!$C$3:$C$89=C79))} -> 10 | T79: 10
B80: СВЕТИЛЬНИКИ HIGHTECH ALUMOGIPS (150 max) | C80: ЦБ000015129 | D80: CSVT HIGHTECH 32 1195х160х40 CRI80 6500 opal-sand IP40 белый | E80: ВИНЧИ, ООО | F80: 00ЦБ-002623 | G80: Заказ клиента 00ЦБ-002623 от 20.03.2026 14:20:54 | H80: Предоплата 100% до передачи в производство | I80: Юрина Инна | J80: 20.03.2026 14:20:54 | K80: 23.03.2026 | N80: 5 | P80: 5 | Q80: {=_xlfn._xlws.FILTER([1]График!$R$3:$R$89,([1]График!$F$3:$F$89=F80)*([1]График!$C$3:$C$89=C80))} -> 5 | U80: 5
B81: СВЕТИЛЬНИКИ HIGHTECH ALUMOGIPS (150 max) | C81: ЦБ000017014 | D81: CSVT HIGHTECH-А 24 595х295х40 CRI80 4000 opal-sand IP54 белый для выносного БАП | E81: ТД ЭЛЕКТРОТЕХМОНТАЖ, АО | F81: 00ЦБ-002671 | G81: Заказ клиента 00ЦБ-002671 от 23.03.2026 12:08:52 | H81: Рассрочка 60 к.дней | I81: Яворик Ю.В. | J81: 23.03.2026 12:08:52 | K81: 23.03.2026 | N81: 5 | P81: 5 | Q81: {=_xlfn._xlws.FILTER([1]График!$R$3:$R$89,([1]График!$F$3:$F$89=F81)*([1]График!$C$3:$C$89=C81))} -> 5
B82: СВЕТИЛЬНИКИ HIGHTECH ALUMOGIPS (150 max) | C82: ЦБ000018946 | D82: CSVT HIGHTECH 32 595x595х40 CRI90 4000 opal-sand IP54 белый | E82: ТД ЭЛЕКТРОТЕХМОНТАЖ, АО | F82: 00ЦБ-002640 | G82: Заказ клиента 00ЦБ-002640 от 20.03.2026 16:51:49 | H82: Рассрочка 60 к.дней | I82: Максимов А. И. | J82: 20.03.2026 16:51:49 | K82: 23.03.2026 | N82: 31 | P82: 31 | Q82: {=_xlfn._xlws.FILTER([1]График!$R$3:$R$89,([1]График!$F$3:$F$89=F82)*([1]График!$C$3:$C$89=C82))} -> 31
B83: СВЕТИЛЬНИКИ HIGHTECH ALUMOGIPS (150 max) | C83: ЦБ000018947 | D83: CSVT HIGHTECH-А 32 595x595х40 CRI90 4000 opal-sand IP54 белый c БАП на 1 час LUXDATOR | E83: ТД ЭЛЕКТРОТЕХМОНТАЖ, АО | F83: 00ЦБ-002640 | G83: Заказ клиента 00ЦБ-002640 от 20.03.2026 16:51:49 | H83: Рассрочка 60 к.дней | I83: Максимов А. И. | J83: 20.03.2026 16:51:49 | K83: 23.03.2026 | N83: 9 | P83: 9 | Q83: {=_xlfn._xlws.FILTER([1]График!$R$3:$R$89,([1]График!$F$3:$F$89=F83)*([1]График!$C$3:$C$89=C83))} -> 9
B84: СВЕТИЛЬНИКИ KSP NOTA CLIO (150 max) | C84: ЦБ-00003831 | D84: CSVT NOTA 18 260х90 CRI80 4000 milky IP65 белый круг ДД B-01 | E84: ПАЛЛОР СК, ООО | F84: 00ЦБ-002507 | G84: Заказ клиента 00ЦБ-002507 от 18.03.2026 15:27:10 | H84: Предоплата 100% до передачи в производство | I84: Юрина Инна | J84: 18.03.2026 15:27:10 | K84: 20.03.2026 | N84: 1 | P84: 1 | Q84: {=_xlfn._xlws.FILTER([1]График!$R$3:$R$89,([1]График!$F$3:$F$89=F84)*([1]График!$C$3:$C$89=C84))} -> #VALUE!
B85: СВЕТИЛЬНИКИ KSP NOTA CLIO (150 max) | C85: ЦБ-00004840 | D85: CSVT CLIO 18 240х64 CRI80 4000 milky IP65 белый | E85: ЛИДЕР, ООО | F85: 00ЦБ-002285 | G85: Заказ клиента 00ЦБ-002285 от 13.03.2026 10:44:14 | H85: Предоплата 100% до передачи в производство | I85: Волков С.В. | J85: 13.03.2026 10:44:14 | K85: 22.03.2026 | L85: 28 | N85: 12 | P85: 12 | Q85: {=_xlfn._xlws.FILTER([1]График!$R$3:$R$89,([1]График!$F$3:$F$89=F85)*([1]График!$C$3:$C$89=C85))} -> #VALUE!
B86: СВЕТИЛЬНИКИ KSP NOTA CLIO (150 max) | C86: ЦБ-00004840 | D86: CSVT CLIO 18 240х64 CRI80 4000 milky IP65 белый | E86: АЛБ, ООО | F86: 00ЦБ-002281 | G86: Заказ клиента 00ЦБ-002281 от 13.03.2026 9:06:05 | H86: Предоплата 30% до передачи в производство, до отгрузки 70% | I86: Куртеев Н.А. | J86: 13.03.2026 9:06:05 | K86: 22.03.2026 | L86: 28 | M86: 60 | N86: 87 | P86: 87 | Q86: {=_xlfn._xlws.FILTER([1]График!$R$3:$R$89,([1]График!$F$3:$F$89=F86)*([1]График!$C$3:$C$89=C86))} -> #VALUE!
B87: СВЕТИЛЬНИКИ KSP NOTA CLIO (150 max) | C87: ЦБ-00004840 | D87: CSVT CLIO 18 240х64 CRI80 4000 milky IP65 белый | E87: ТД ЭЛЕКТРОТЕХМОНТАЖ, АО | F87: 00ЦБ-002576 | G87: Заказ клиента 00ЦБ-002576 от 19.03.2026 15:17:13 | H87: Рассрочка 60 к.дней | I87: Потапова Елена | J87: 19.03.2026 15:17:13 | K87: 19.03.2026 | L87: 28 | N87: 36 | P87: 36 | Q87: {=_xlfn._xlws.FILTER([1]График!$R$3:$R$89,([1]График!$F$3:$F$89=F87)*([1]График!$C$3:$C$89=C87))} -> #VALUE!
B88: СВЕТИЛЬНИКИ KSP NOTA CLIO (150 max) | C88: ЦБ-00008926 | D88: Набор для сборки NOTA 14 260х90 CRI80 4000 milky IP65 белый круг | E88: Протон Энерго, ООО | F88: 00ЦБ-002678 | G88: Заказ клиента 00ЦБ-002678 от 23.03.2026 12:27:38 | H88: Предоплата 30% до передачи в производство, до отгрузки 70% | I88: Куртеев Н.А. | J88: 23.03.2026 12:27:38 | K88: 24.03.2026 | N88: 2 | P88: 2 | Q88: {=_xlfn._xlws.FILTER([1]График!$R$3:$R$89,([1]График!$F$3:$F$89=F88)*([1]График!$C$3:$C$89=C88))} -> #VALUE!
B89: СВЕТИЛЬНИКИ LED-GR - ОДИНОЧНЫЕ (100 max) | C89: ЦБ-00012457 | D89: Набор для сборки светильника RVE, номер 1 | E89: РВЭ, ООО (РУСВИТАЛЭЛЕКТРО) | F89: 00ЦБ-002468 | G89: Заказ клиента 00ЦБ-002468 от 18.03.2026 11:22:48 | H89: Предоплата 30% до передачи в производство, до отгрузки 70% | I89: Волков С.В. | J89: 18.03.2026 11:22:48 | K89: 23.03.2026 | L89: 118.34 | N89: 58 | P89: 58 | Q89: {=_xlfn._xlws.FILTER([1]График!$R$3:$R$89,([1]График!$F$3:$F$89=F89)*([1]График!$C$3:$C$89=C89))} -> #VALUE!
B90: СВЕТИЛЬНИКИ LED-GR - ОДИНОЧНЫЕ (100 max) | C90: ЦБ-00012457 | D90: Набор для сборки светильника RVE, номер 1 | E90: РВЭ, ООО (РУСВИТАЛЭЛЕКТРО) | F90: 00ЦБ-002472 | G90: Заказ клиента 00ЦБ-002472 от 18.03.2026 11:49:22 | H90: Предоплата 30% до передачи в производство, до отгрузки 70% | I90: Волков С.В. | J90: 18.03.2026 11:49:22 | K90: 23.03.2026 | L90: 118.33 | N90: 42 | P90: 42 | Q90: {=_xlfn._xlws.FILTER([1]График!$R$3:$R$89,([1]График!$F$3:$F$89=F90)*([1]График!$C$3:$C$89=C90))} -> #VALUE!
B91: СВЕТИЛЬНИКИ LED-GR - ОДИНОЧНЫЕ (100 max) | C91: ЦБ-00012457 | D91: Набор для сборки светильника RVE, номер 1 | E91: РВЭ, ООО (РУСВИТАЛЭЛЕКТРО) | F91: 00ЦБ-002521 | G91: Заказ клиента 00ЦБ-002521 от 18.03.2026 16:42:13 | H91: Предоплата 30% до передачи в производство, до отгрузки 70% | I91: Волков С.В. | J91: 18.03.2026 16:42:13 | K91: 23.03.2026 | L91: 118.33 | N91: 154 | P91: 154 | Q91: {=_xlfn._xlws.FILTER([1]График!$R$3:$R$89,([1]График!$F$3:$F$89=F91)*([1]График!$C$3:$C$89=C91))} -> #VALUE! | R91: 64 | S91: 90
B92: СВЕТИЛЬНИКИ LED-GR - ОДИНОЧНЫЕ (100 max) | C92: ЦБ-00012460 | D92: Набор для сборки светильника RVE, номер 4 | E92: РВЭ, ООО (РУСВИТАЛЭЛЕКТРО) | F92: 00ЦБ-001373 | G92: Заказ клиента 00ЦБ-001373 от 16.02.2026 10:33:11 | H92: Предоплата 30% до передачи в производство, до отгрузки 70% | I92: Волков С.В. | J92: 16.02.2026 10:33:11 | K92: 26.02.2026 | L92: 8 | M92: 7 | N92: 36 | P92: 36 | Q92: {=_xlfn._xlws.FILTER([1]График!$R$3:$R$89,([1]График!$F$3:$F$89=F92)*([1]График!$C$3:$C$89=C92))} -> #VALUE!
B93: СВЕТИЛЬНИКИ LED-GR - ОДИНОЧНЫЕ (100 max) | C93: ЦБ-00012460 | D93: Набор для сборки светильника RVE, номер 4 | E93: РВЭ, ООО (РУСВИТАЛЭЛЕКТРО) | F93: 00ЦБ-002472 | G93: Заказ клиента 00ЦБ-002472 от 18.03.2026 11:49:22 | H93: Предоплата 30% до передачи в производство, до отгрузки 70% | I93: Волков С.В. | J93: 18.03.2026 11:49:22 | K93: 23.03.2026 | L93: 8 | N93: 32 | P93: 32 | Q93: {=_xlfn._xlws.FILTER([1]График!$R$3:$R$89,([1]График!$F$3:$F$89=F93)*([1]График!$C$3:$C$89=C93))} -> #VALUE!
B94: СВЕТИЛЬНИКИ LED-GR - ОДИНОЧНЫЕ (100 max) | C94: ЦБ-00012460 | D94: Набор для сборки светильника RVE, номер 4 | E94: РВЭ, ООО (РУСВИТАЛЭЛЕКТРО) | F94: 00ЦБ-002521 | G94: Заказ клиента 00ЦБ-002521 от 18.03.2026 16:42:13 | H94: Предоплата 30% до передачи в производство, до отгрузки 70% | I94: Волков С.В. | J94: 18.03.2026 16:42:13 | K94: 23.03.2026 | L94: 8 | N94: 10 | P94: 10 | Q94: {=_xlfn._xlws.FILTER([1]График!$R$3:$R$89,([1]График!$F$3:$F$89=F94)*([1]График!$C$3:$C$89=C94))} -> #VALUE! | S94: 10
B95: СВЕТИЛЬНИКИ LED-GR - ОДИНОЧНЫЕ (100 max) | C95: ЦБ-00012460 | D95: Набор для сборки светильника RVE, номер 4 | E95: РВЭ, ООО (РУСВИТАЛЭЛЕКТРО) | F95: 00ЦБ-001725 | G95: Заказ клиента 00ЦБ-001725 от 25.02.2026 13:09:34 | H95: Предоплата 30% до передачи в производство, до отгрузки 70% | I95: Волков С.В. | J95: 25.02.2026 13:09:34 | K95: 12.03.2026 | L95: 8 | N95: 2 | P95: 2 | Q95: {=_xlfn._xlws.FILTER([1]График!$R$3:$R$89,([1]График!$F$3:$F$89=F95)*([1]График!$C$3:$C$89=C95))} -> #VALUE!
B96: СВЕТИЛЬНИКИ LED-GR - ОДИНОЧНЫЕ (100 max) | C96: ЦБ-00012463 | D96: Набор для сборки светильника RVE, номер 7 | E96: РВЭ, ООО (РУСВИТАЛЭЛЕКТРО) | F96: 00ЦБ-002468 | G96: Заказ клиента 00ЦБ-002468 от 18.03.2026 11:22:48 | H96: Предоплата 30% до передачи в производство, до отгрузки 70% | I96: Волков С.В. | J96: 18.03.2026 11:22:48 | K96: 23.03.2026 | N96: 11 | P96: 11 | Q96: {=_xlfn._xlws.FILTER([1]График!$R$3:$R$89,([1]График!$F$3:$F$89=F96)*([1]График!$C$3:$C$89=C96))} -> #VALUE!
B97: СВЕТИЛЬНИКИ LED-GR - ОДИНОЧНЫЕ (100 max) | C97: ЦБ-00012463 | D97: Набор для сборки светильника RVE, номер 7 | E97: РВЭ, ООО (РУСВИТАЛЭЛЕКТРО) | F97: 00ЦБ-002521 | G97: Заказ клиента 00ЦБ-002521 от 18.03.2026 16:42:13 | H97: Предоплата 30% до передачи в производство, до отгрузки 70% | I97: Волков С.В. | J97: 18.03.2026 16:42:13 | K97: 23.03.2026 | N97: 201 | P97: 201 | Q97: {=_xlfn._xlws.FILTER([1]График!$R$3:$R$89,([1]График!$F$3:$F$89=F97)*([1]График!$C$3:$C$89=C97))} -> #VALUE! | S97: 200 | T97: 1
B98: СВЕТИЛЬНИКИ LED-GR - ОДИНОЧНЫЕ (100 max) | C98: ЦБ-00012463 | D98: Набор для сборки светильника RVE, номер 7 | E98: РВЭ, ООО (РУСВИТАЛЭЛЕКТРО) | F98: 00ЦБ-002472 | G98: Заказ клиента 00ЦБ-002472 от 18.03.2026 11:49:22 | H98: Предоплата 30% до передачи в производство, до отгрузки 70% | I98: Волков С.В. | J98: 18.03.2026 11:49:22 | K98: 23.03.2026 | N98: 169 | P98: 169 | Q98: {=_xlfn._xlws.FILTER([1]График!$R$3:$R$89,([1]График!$F$3:$F$89=F98)*([1]График!$C$3:$C$89=C98))} -> #VALUE! | R98: 133
B99: СВЕТИЛЬНИКИ LED-GR - ОДИНОЧНЫЕ (100 max) | C99: ЦБ-00012464 | D99: Набор для сборки светильника RVE, номер 8 | E99: РВЭ, ООО (РУСВИТАЛЭЛЕКТРО) | F99: 00ЦБ-002466 | G99: Заказ клиента 00ЦБ-002466 от 18.03.2026 11:05:18 | H99: Предоплата 30% до передачи в производство, до отгрузки 70% | I99: Волков С.В. | J99: 18.03.2026 11:05:18 | K99: 23.03.2026 | L99: 94.34 | N99: 9 | P99: 9 | Q99: {=_xlfn._xlws.FILTER([1]График!$R$3:$R$89,([1]График!$F$3:$F$89=F99)*([1]График!$C$3:$C$89=C99))} -> #VALUE!
B100: СВЕТИЛЬНИКИ LED-GR - ОДИНОЧНЫЕ (100 max) | C100: ЦБ-00012464 | D100: Набор для сборки светильника RVE, номер 8 | E100: РВЭ, ООО (РУСВИТАЛЭЛЕКТРО) | F100: 00ЦБ-002472 | G100: Заказ клиента 00ЦБ-002472 от 18.03.2026 11:49:22 | H100: Предоплата 30% до передачи в производство, до отгрузки 70% | I100: Волков С.В. | J100: 18.03.2026 11:49:22 | K100: 23.03.2026 | L100: 94.33 | N100: 103 | P100: 103 | Q100: {=_xlfn._xlws.FILTER([1]График!$R$3:$R$89,([1]График!$F$3:$F$89=F100)*([1]График!$C$3:$C$89=C100))} -> #VALUE! | R100: 103
B101: СВЕТИЛЬНИКИ LED-GR - ОДИНОЧНЫЕ (100 max) | C101: ЦБ-00012464 | D101: Набор для сборки светильника RVE, номер 8 | E101: РВЭ, ООО (РУСВИТАЛЭЛЕКТРО) | F101: 00ЦБ-002521 | G101: Заказ клиента 00ЦБ-002521 от 18.03.2026 16:42:13 | H101: Предоплата 30% до передачи в производство, до отгрузки 70% | I101: Волков С.В. | J101: 18.03.2026 16:42:13 | K101: 23.03.2026 | L101: 94.33 | N101: 151 | P101: 151 | Q101: {=_xlfn._xlws.FILTER([1]График!$R$3:$R$89,([1]График!$F$3:$F$89=F101)*([1]График!$C$3:$C$89=C101))} -> #VALUE! | T101: 151
...
